"id","name"
"315","ARCADIA STORAGE"
"3","BUFFALO WAREHOUSE"
"325","BUFFALO WAREHOUSE : BRENHAM CONEX"
"326","BUFFALO WAREHOUSE : HALLETTSVILLE CONEX"
"329","BUFFALO WAREHOUSE : NORTH ZULCH CONEX"
"324","CONTANGO CONEX"
"1","CORPORATE OFFICE"
"2","KILGORE WAREHOUSE"
"327","LIVINGSTON CONEX"
"4","MIDLAND WAREHOUSE"
"318","MIDLAND WAREHOUSE : APACHE CONEX"
"321","MIDLAND WAREHOUSE : BULLSEYE CONEX"
"10","MIDLAND WAREHOUSE : CARLSBAD CONEX"
"6","MIDLAND WAREHOUSE : DUNIGAN CONEX"
"7","MIDLAND WAREHOUSE : INCA DOVE / SCURRY CONEX"
"328","MIDLAND WAREHOUSE : MATADOR CONEX"
"330","MIDLAND WAREHOUSE : P DOG CONEX"
"316","MIDLAND WAREHOUSE : PETRO HUNT CONEX"
"317","MIDLAND WAREHOUSE : TIMBERWOLF CONEX"
"332","MIDLAND WAREHOUSE : TRUCK - R. MUIR"
"5","MOORELAND WAREHOUSE"
"322","MOORELAND WAREHOUSE : KINGFISHER STORAGE UNIT"
"323","MOORELAND WAREHOUSE : MIAMI STORAGE UNIT"
"6b65caeb-c2fc-4c34-86b5-6c8a809054ff","WILL CALL"
"331","MOORELAND WAREHOUSE : CPRP DIBBLE STORAGE UNIT"
"333","MOORELAND WAREHOUSE : DIBBLE STORAGE UNIT (DO NOT USE)"
